{
	"IcoMoonType": "selection",
	"icons": [
		{
			"icon": {
				"paths": [
					"M256 810.667h170.667v-597.333h-170.667v597.333zM597.333 213.333v597.333h170.667v-597.333h-170.667z"
				],
				"attrs": [],
				"isMulticolor": false,
				"tags": [
					"pause"
				],
				"grid": 24
			},
			"attrs": [],
			"properties": {
				"id": 184,
				"order": 2,
				"prevSize": 24,
				"code": 58882,
				"name": "pause"
			},
			"setIdx": 0,
			"iconIdx": 184
		},
		{
			"icon": {
				"paths": [
					"M512 85.333c-235.733 0-426.667 190.933-426.667 426.667s190.933 426.667 426.667 426.667 426.667-190.933 426.667-426.667-190.933-426.667-426.667-426.667zM469.333 682.667h-85.333v-341.333h85.333v341.333zM640 682.667h-85.333v-341.333h85.333v341.333z"
				],
				"attrs": [],
				"isMulticolor": false,
				"tags": [
					"pause-circle-fill"
				],
				"grid": 24
			},
			"attrs": [],
			"properties": {
				"id": 185,
				"order": 12,
				"prevSize": 24,
				"code": 58895,
				"name": "pause-circle-fill"
			},
			"setIdx": 0,
			"iconIdx": 185
		},
		{
			"icon": {
				"paths": [
					"M341.333 213.333v597.333l469.333-298.667z"
				],
				"attrs": [],
				"isMulticolor": false,
				"tags": [
					"play-arrow"
				],
				"grid": 24
			},
			"attrs": [],
			"properties": {
				"id": 187,
				"order": 1,
				"prevSize": 24,
				"code": 58883,
				"name": "play-arrow"
			},
			"setIdx": 0,
			"iconIdx": 187
		},
		{
			"icon": {
				"paths": [
					"M512 85.333c-235.733 0-426.667 190.933-426.667 426.667s190.933 426.667 426.667 426.667 426.667-190.933 426.667-426.667-190.933-426.667-426.667-426.667zM426.667 704v-384l256 192-256 192z"
				],
				"attrs": [],
				"isMulticolor": false,
				"tags": [
					"play-circle-fill"
				],
				"grid": 24
			},
			"attrs": [],
			"properties": {
				"id": 188,
				"order": 13,
				"prevSize": 24,
				"code": 58897,
				"name": "play-circle-fill"
			},
			"setIdx": 0,
			"iconIdx": 188
		},
		{
			"icon": {
				"paths": [
					"M640 256h-512v85.333h512v-85.333zM640 426.667h-512v85.333h512v-85.333zM128 682.667h341.333v-85.333h-341.333v85.333zM725.333 256v349.227c-13.44-4.907-27.52-7.893-42.667-7.893-70.613 0-128 57.387-128 128s57.387 128 128 128 128-57.387 128-128v-384h128v-85.333h-213.333z"
				],
				"attrs": [],
				"isMulticolor": false,
				"tags": [
					"queue-mus"
				],
				"grid": 24
			},
			"attrs": [],
			"properties": {
				"id": 193,
				"order": 16,
				"prevSize": 24,
				"code": 58898,
				"name": "queue-mus"
			},
			"setIdx": 0,
			"iconIdx": 193
		},
		{
			"icon": {
				"paths": [
					"M298.667 298.667h426.667v128l170.667-170.667-170.667-170.667v128h-512v256h85.333v-170.667zM725.333 725.333h-426.667v-128l-170.667 170.667 170.667 170.667v-128h512v-256h-85.333v170.667z"
				],
				"attrs": [],
				"isMulticolor": false,
				"tags": [
					"repeat"
				],
				"grid": 24
			},
			"attrs": [],
			"properties": {
				"id": 196,
				"order": 15,
				"name": "repeat",
				"prevSize": 24,
				"code": 58885
			},
			"setIdx": 0,
			"iconIdx": 196
		},
		{
			"icon": {
				"paths": [
					"M298.667 298.667h426.667v128l170.667-170.667-170.667-170.667v128h-512v256h85.333v-170.667zM725.333 725.333h-426.667v-128l-170.667 170.667 170.667 170.667v-128h512v-256h-85.333v170.667zM554.667 640v-256h-42.667l-85.333 42.667v42.667h64v170.667h64z"
				],
				"attrs": [],
				"isMulticolor": false,
				"tags": [
					"repeat-one"
				],
				"grid": 24
			},
			"attrs": [],
			"properties": {
				"id": 197,
				"order": 14,
				"prevSize": 24,
				"code": 58880,
				"name": "repeat-one"
			},
			"setIdx": 0,
			"iconIdx": 197
		},
		{
			"icon": {
				"paths": [
					"M451.627 391.253l-220.587-220.587-60.373 60.373 220.587 220.587 60.373-60.373zM618.667 170.667l87.253 87.253-535.253 535.040 60.373 60.373 535.253-535.253 87.040 87.253v-234.667h-234.667zM632.747 572.373l-60.373 60.373 133.547 133.547-87.253 87.040h234.667v-234.667l-87.253 87.253-133.333-133.547z"
				],
				"attrs": [],
				"isMulticolor": false,
				"tags": [
					"shuffle"
				],
				"grid": 24
			},
			"attrs": [],
			"properties": {
				"id": 199,
				"order": 10,
				"name": "shuffle",
				"prevSize": 24,
				"code": 58893
			},
			"setIdx": 0,
			"iconIdx": 199
		},
		{
			"icon": {
				"paths": [
					"M256 768l362.667-256-362.667-256v512zM682.667 256v512h85.333v-512h-85.333z"
				],
				"attrs": [],
				"isMulticolor": false,
				"tags": [
					"skip-next"
				],
				"grid": 24
			},
			"attrs": [],
			"properties": {
				"id": 200,
				"order": 3,
				"prevSize": 24,
				"code": 58886,
				"name": "skip-next"
			},
			"setIdx": 0,
			"iconIdx": 200
		},
		{
			"icon": {
				"paths": [
					"M256 256h85.333v512h-85.333zM405.333 512l362.667 256v-512z"
				],
				"attrs": [],
				"isMulticolor": false,
				"tags": [
					"skip-previous"
				],
				"grid": 24
			},
			"attrs": [],
			"properties": {
				"id": 201,
				"order": 4,
				"prevSize": 24,
				"code": 58887,
				"name": "skip-previous"
			},
			"setIdx": 0,
			"iconIdx": 201
		},
		{
			"icon": {
				"paths": [
					"M256 256h512v512h-512z"
				],
				"attrs": [],
				"isMulticolor": false,
				"tags": [
					"stop"
				],
				"grid": 24
			},
			"attrs": [],
			"properties": {
				"id": 203,
				"order": 5,
				"prevSize": 24,
				"code": 58888,
				"name": "stop"
			},
			"setIdx": 0,
			"iconIdx": 203
		},
		{
			"icon": {
				"paths": [
					"M789.333 512c0-75.52-43.52-140.373-106.667-171.947v343.467c63.147-31.147 106.667-96 106.667-171.52zM213.333 384v256h170.667l213.333 213.333v-682.667l-213.333 213.333h-170.667z"
				],
				"attrs": [],
				"isMulticolor": false,
				"tags": [
					"volume-down"
				],
				"grid": 24
			},
			"attrs": [],
			"properties": {
				"id": 209,
				"order": 8,
				"prevSize": 24,
				"code": 58889,
				"name": "volume-down"
			},
			"setIdx": 0,
			"iconIdx": 209
		},
		{
			"icon": {
				"paths": [
					"M298.667 384v256h170.667l213.333 213.333v-682.667l-213.333 213.333h-170.667z"
				],
				"attrs": [],
				"isMulticolor": false,
				"tags": [
					"volume-mute"
				],
				"grid": 24
			},
			"attrs": [],
			"properties": {
				"id": 210,
				"order": 9,
				"prevSize": 24,
				"code": 58890,
				"name": "volume-mute"
			},
			"setIdx": 0,
			"iconIdx": 210
		},
		{
			"icon": {
				"paths": [
					"M704 512c0-75.307-43.52-140.373-106.667-171.733v94.293l104.747 104.747c1.28-8.96 1.92-18.133 1.92-27.307zM810.667 512c0 40.107-8.747 77.867-23.040 112.64l64.64 64.64c27.733-53.12 43.733-113.28 43.733-177.28 0-182.613-127.787-335.36-298.667-374.187v88.107c123.307 36.693 213.333 150.827 213.333 286.080zM182.4 128l-54.4 54.4 201.6 201.6h-201.6v256h170.667l213.333 213.333v-286.933l181.547 181.547c-28.587 21.973-60.8 39.68-96.213 50.347v88.107c58.667-13.44 112.213-40.32 157.227-77.227l87.040 86.827 54.4-54.4-713.6-713.6zM512 170.667l-89.173 89.173 89.173 89.173v-178.347z"
				],
				"attrs": [],
				"isMulticolor": false,
				"tags": [
					"volume-off"
				],
				"grid": 24
			},
			"attrs": [],
			"properties": {
				"id": 211,
				"order": 6,
				"prevSize": 24,
				"code": 58891,
				"name": "volume-off"
			},
			"setIdx": 0,
			"iconIdx": 211
		},
		{
			"icon": {
				"paths": [
					"M128 384v256h170.667l213.333 213.333v-682.667l-213.333 213.333h-170.667zM704 512c0-75.52-43.52-140.373-106.667-171.947v343.467c63.147-31.147 106.667-96 106.667-171.52zM597.333 137.813v87.893c123.307 36.693 213.333 151.040 213.333 286.293s-90.027 249.6-213.333 286.293v87.893c171.093-38.827 298.667-191.573 298.667-374.187s-127.573-335.36-298.667-374.187z"
				],
				"attrs": [],
				"isMulticolor": false,
				"tags": [
					"volume-up"
				],
				"grid": 24
			},
			"attrs": [],
			"properties": {
				"id": 212,
				"order": 7,
				"prevSize": 24,
				"code": 58892,
				"name": "volume-up"
			},
			"setIdx": 0,
			"iconIdx": 212
		},
		{
			"icon": {
				"paths": [
					"M810.667 273.707l-60.373-60.373-238.293 238.293-238.293-238.293-60.373 60.373 238.293 238.293-238.293 238.293 60.373 60.373 238.293-238.293 238.293 238.293 60.373-60.373-238.293-238.293z"
				],
				"attrs": [],
				"isMulticolor": false,
				"tags": [
					"close"
				],
				"grid": 24
			},
			"attrs": [],
			"properties": {
				"id": 681,
				"order": 11,
				"prevSize": 24,
				"code": 58896,
				"name": "close"
			},
			"setIdx": 0,
			"iconIdx": 681
		}
	],
	"height": 1024,
	"metadata": {
		"name": "uno"
	},
	"preferences": {
		"showGlyphs": true,
		"showQuickUse": true,
		"showQuickUse2": true,
		"showSVGs": true,
		"fontPref": {
			"prefix": "icon-jpjb-",
			"metadata": {
				"fontFamily": "uno",
				"majorVersion": 1,
				"minorVersion": 0
			},
			"metrics": {
				"emSize": 1024,
				"baseline": 6.25,
				"whitespace": 50
			},
			"showSelector": true,
			"selector": "",
			"classSelector": ".icon",
			"showMetrics": false,
			"showMetadata": true,
			"showVersion": false,
			"embed": true
		},
		"imagePref": {
			"prefix": "icon-",
			"png": true,
			"useClassSelector": true,
			"color": 4473924,
			"bgColor": 16777215
		},
		"historySize": 100,
		"showCodes": true,
		"gridSize": 16
	}
}