{
	"IcoMoonType": "selection",
	"icons": [
		{
			"icon": {
				"paths": [
					"M810.667 384h-170.667v-256h-256v256h-170.667l298.667 298.667 298.667-298.667zM213.333 768v85.333h597.333v-85.333h-597.333z"
				],
				"attrs": [],
				"isMulticolor": false,
				"tags": [
					"get-app"
				],
				"grid": 24
			},
			"attrs": [],
			"properties": {
				"id": 48,
				"order": 20,
				"prevSize": 24,
				"code": 58881,
				"name": "get-app"
			},
			"setIdx": 0,
			"setId": 2,
			"iconIdx": 48
		},
		{
			"icon": {
				"paths": [
					"M298.667 768c-47.147 0-84.907 38.187-84.907 85.333s37.76 85.333 84.907 85.333 85.333-38.187 85.333-85.333-38.187-85.333-85.333-85.333zM42.667 85.333v85.333h85.333l153.387 323.627-57.6 104.533c-6.613 12.373-10.453 26.24-10.453 41.173 0 47.147 38.187 85.333 85.333 85.333h512v-85.333h-493.867c-5.973 0-10.667-4.693-10.667-10.667 0-1.92 0.427-3.627 1.28-5.12l38.187-69.547h317.867c32 0 59.947-17.707 74.667-43.947l152.533-276.907c3.413-5.973 5.333-13.013 5.333-20.48 0-23.68-19.2-42.667-42.667-42.667h-630.827l-40.533-85.333h-139.307zM725.333 768c-47.147 0-84.907 38.187-84.907 85.333s37.76 85.333 84.907 85.333 85.333-38.187 85.333-85.333-38.187-85.333-85.333-85.333z"
				],
				"attrs": [],
				"isMulticolor": false,
				"tags": [
					"shopping-cart"
				],
				"grid": 24
			},
			"attrs": [],
			"properties": {
				"id": 117,
				"order": 18,
				"prevSize": 24,
				"code": 58884,
				"name": "shopping-cart"
			},
			"setIdx": 0,
			"setId": 2,
			"iconIdx": 117
		},
		{
			"icon": {
				"paths": [
					"M512 85.333c-235.733 0-426.667 190.933-426.667 426.667s190.933 426.667 426.667 426.667 426.667-190.933 426.667-426.667-190.933-426.667-426.667-426.667zM512 704c-106.027 0-192-85.973-192-192s85.973-192 192-192 192 85.973 192 192-85.973 192-192 192zM512 469.333c-23.467 0-42.667 19.2-42.667 42.667s19.2 42.667 42.667 42.667 42.667-19.2 42.667-42.667-19.2-42.667-42.667-42.667z"
				],
				"attrs": [],
				"isMulticolor": false,
				"tags": [
					"album"
				],
				"grid": 24
			},
			"attrs": [],
			"properties": {
				"id": 164,
				"order": 17,
				"prevSize": 24,
				"code": 58899,
				"name": "album"
			},
			"setIdx": 0,
			"setId": 2,
			"iconIdx": 164
		},
		{
			"icon": {
				"paths": [
					"M256 810.667h170.667v-597.333h-170.667v597.333zM597.333 213.333v597.333h170.667v-597.333h-170.667z"
				],
				"attrs": [],
				"isMulticolor": false,
				"tags": [
					"pause"
				],
				"grid": 24
			},
			"attrs": [],
			"properties": {
				"id": 184,
				"order": 2,
				"prevSize": 24,
				"code": 58882,
				"name": "pause"
			},
			"setIdx": 0,
			"setId": 2,
			"iconIdx": 184
		},
		{
			"icon": {
				"paths": [
					"M512 85.333c-235.733 0-426.667 190.933-426.667 426.667s190.933 426.667 426.667 426.667 426.667-190.933 426.667-426.667-190.933-426.667-426.667-426.667zM469.333 682.667h-85.333v-341.333h85.333v341.333zM640 682.667h-85.333v-341.333h85.333v341.333z"
				],
				"attrs": [],
				"isMulticolor": false,
				"tags": [
					"pause-circle-fill"
				],
				"grid": 24
			},
			"attrs": [],
			"properties": {
				"id": 185,
				"order": 12,
				"prevSize": 24,
				"code": 58895,
				"name": "pause-circle-fill"
			},
			"setIdx": 0,
			"setId": 2,
			"iconIdx": 185
		},
		{
			"icon": {
				"paths": [
					"M341.333 213.333v597.333l469.333-298.667z"
				],
				"attrs": [],
				"isMulticolor": false,
				"tags": [
					"play-arrow"
				],
				"grid": 24
			},
			"attrs": [],
			"properties": {
				"id": 187,
				"order": 1,
				"prevSize": 24,
				"code": 58883,
				"name": "play-arrow"
			},
			"setIdx": 0,
			"setId": 2,
			"iconIdx": 187
		},
		{
			"icon": {
				"paths": [
					"M512 85.333c-235.733 0-426.667 190.933-426.667 426.667s190.933 426.667 426.667 426.667 426.667-190.933 426.667-426.667-190.933-426.667-426.667-426.667zM426.667 704v-384l256 192-256 192z"
				],
				"attrs": [],
				"isMulticolor": false,
				"tags": [
					"play-circle-fill"
				],
				"grid": 24
			},
			"attrs": [],
			"properties": {
				"id": 188,
				"order": 13,
				"prevSize": 24,
				"code": 58897,
				"name": "play-circle-fill"
			},
			"setIdx": 0,
			"setId": 2,
			"iconIdx": 188
		},
		{
			"icon": {
				"paths": [
					"M640 256h-512v85.333h512v-85.333zM640 426.667h-512v85.333h512v-85.333zM128 682.667h341.333v-85.333h-341.333v85.333zM725.333 256v349.227c-13.44-4.907-27.52-7.893-42.667-7.893-70.613 0-128 57.387-128 128s57.387 128 128 128 128-57.387 128-128v-384h128v-85.333h-213.333z"
				],
				"attrs": [],
				"isMulticolor": false,
				"tags": [
					"queue-mus"
				],
				"grid": 24
			},
			"attrs": [],
			"properties": {
				"id": 193,
				"order": 16,
				"prevSize": 24,
				"code": 58898,
				"name": "queue-mus"
			},
			"setIdx": 0,
			"setId": 2,
			"iconIdx": 193
		},
		{
			"icon": {
				"paths": [
					"M298.667 298.667h426.667v128l170.667-170.667-170.667-170.667v128h-512v256h85.333v-170.667zM725.333 725.333h-426.667v-128l-170.667 170.667 170.667 170.667v-128h512v-256h-85.333v170.667z"
				],
				"attrs": [],
				"isMulticolor": false,
				"tags": [
					"repeat"
				],
				"grid": 24
			},
			"attrs": [],
			"properties": {
				"id": 196,
				"order": 15,
				"name": "repeat",
				"prevSize": 24,
				"code": 58885
			},
			"setIdx": 0,
			"setId": 2,
			"iconIdx": 196
		},
		{
			"icon": {
				"paths": [
					"M298.667 298.667h426.667v128l170.667-170.667-170.667-170.667v128h-512v256h85.333v-170.667zM725.333 725.333h-426.667v-128l-170.667 170.667 170.667 170.667v-128h512v-256h-85.333v170.667zM554.667 640v-256h-42.667l-85.333 42.667v42.667h64v170.667h64z"
				],
				"attrs": [],
				"isMulticolor": false,
				"tags": [
					"repeat-one"
				],
				"grid": 24
			},
			"attrs": [],
			"properties": {
				"id": 197,
				"order": 14,
				"prevSize": 24,
				"code": 58880,
				"name": "repeat-one"
			},
			"setIdx": 0,
			"setId": 2,
			"iconIdx": 197
		},
		{
			"icon": {
				"paths": [
					"M512 213.333v-170.667l-213.333 213.333 213.333 213.333v-170.667c141.44 0 256 114.56 256 256s-114.56 256-256 256-256-114.56-256-256h-85.333c0 188.587 152.747 341.333 341.333 341.333s341.333-152.747 341.333-341.333-152.747-341.333-341.333-341.333z"
				],
				"attrs": [],
				"isMulticolor": false,
				"tags": [
					"replay"
				],
				"grid": 24
			},
			"attrs": [],
			"properties": {
				"id": 198,
				"order": 23,
				"prevSize": 24,
				"code": 58894,
				"name": "replay"
			},
			"setIdx": 0,
			"setId": 2,
			"iconIdx": 198
		},
		{
			"icon": {
				"paths": [
					"M451.627 391.253l-220.587-220.587-60.373 60.373 220.587 220.587 60.373-60.373zM618.667 170.667l87.253 87.253-535.253 535.040 60.373 60.373 535.253-535.253 87.040 87.253v-234.667h-234.667zM632.747 572.373l-60.373 60.373 133.547 133.547-87.253 87.040h234.667v-234.667l-87.253 87.253-133.333-133.547z"
				],
				"attrs": [],
				"isMulticolor": false,
				"tags": [
					"shuffle"
				],
				"grid": 24
			},
			"attrs": [],
			"properties": {
				"id": 199,
				"order": 10,
				"name": "shuffle",
				"prevSize": 24,
				"code": 58893
			},
			"setIdx": 0,
			"setId": 2,
			"iconIdx": 199
		},
		{
			"icon": {
				"paths": [
					"M256 768l362.667-256-362.667-256v512zM682.667 256v512h85.333v-512h-85.333z"
				],
				"attrs": [],
				"isMulticolor": false,
				"tags": [
					"skip-next"
				],
				"grid": 24
			},
			"attrs": [],
			"properties": {
				"id": 200,
				"order": 3,
				"prevSize": 24,
				"code": 58886,
				"name": "skip-next"
			},
			"setIdx": 0,
			"setId": 2,
			"iconIdx": 200
		},
		{
			"icon": {
				"paths": [
					"M256 256h85.333v512h-85.333zM405.333 512l362.667 256v-512z"
				],
				"attrs": [],
				"isMulticolor": false,
				"tags": [
					"skip-previous"
				],
				"grid": 24
			},
			"attrs": [],
			"properties": {
				"id": 201,
				"order": 4,
				"prevSize": 24,
				"code": 58887,
				"name": "skip-previous"
			},
			"setIdx": 0,
			"setId": 2,
			"iconIdx": 201
		},
		{
			"icon": {
				"paths": [
					"M256 256h512v512h-512z"
				],
				"attrs": [],
				"isMulticolor": false,
				"tags": [
					"stop"
				],
				"grid": 24
			},
			"attrs": [],
			"properties": {
				"id": 203,
				"order": 5,
				"prevSize": 24,
				"code": 58888,
				"name": "stop"
			},
			"setIdx": 0,
			"setId": 2,
			"iconIdx": 203
		},
		{
			"icon": {
				"paths": [
					"M789.333 512c0-75.52-43.52-140.373-106.667-171.947v343.467c63.147-31.147 106.667-96 106.667-171.52zM213.333 384v256h170.667l213.333 213.333v-682.667l-213.333 213.333h-170.667z"
				],
				"attrs": [],
				"isMulticolor": false,
				"tags": [
					"volume-down"
				],
				"grid": 24
			},
			"attrs": [],
			"properties": {
				"id": 209,
				"order": 8,
				"prevSize": 24,
				"code": 58889,
				"name": "volume-down"
			},
			"setIdx": 0,
			"setId": 2,
			"iconIdx": 209
		},
		{
			"icon": {
				"paths": [
					"M298.667 384v256h170.667l213.333 213.333v-682.667l-213.333 213.333h-170.667z"
				],
				"attrs": [],
				"isMulticolor": false,
				"tags": [
					"volume-mute"
				],
				"grid": 24
			},
			"attrs": [],
			"properties": {
				"id": 210,
				"order": 9,
				"prevSize": 24,
				"code": 58890,
				"name": "volume-mute"
			},
			"setIdx": 0,
			"setId": 2,
			"iconIdx": 210
		},
		{
			"icon": {
				"paths": [
					"M704 512c0-75.307-43.52-140.373-106.667-171.733v94.293l104.747 104.747c1.28-8.96 1.92-18.133 1.92-27.307zM810.667 512c0 40.107-8.747 77.867-23.040 112.64l64.64 64.64c27.733-53.12 43.733-113.28 43.733-177.28 0-182.613-127.787-335.36-298.667-374.187v88.107c123.307 36.693 213.333 150.827 213.333 286.080zM182.4 128l-54.4 54.4 201.6 201.6h-201.6v256h170.667l213.333 213.333v-286.933l181.547 181.547c-28.587 21.973-60.8 39.68-96.213 50.347v88.107c58.667-13.44 112.213-40.32 157.227-77.227l87.040 86.827 54.4-54.4-713.6-713.6zM512 170.667l-89.173 89.173 89.173 89.173v-178.347z"
				],
				"attrs": [],
				"isMulticolor": false,
				"tags": [
					"volume-off"
				],
				"grid": 24
			},
			"attrs": [],
			"properties": {
				"id": 211,
				"order": 6,
				"prevSize": 24,
				"code": 58891,
				"name": "volume-off"
			},
			"setIdx": 0,
			"setId": 2,
			"iconIdx": 211
		},
		{
			"icon": {
				"paths": [
					"M128 384v256h170.667l213.333 213.333v-682.667l-213.333 213.333h-170.667zM704 512c0-75.52-43.52-140.373-106.667-171.947v343.467c63.147-31.147 106.667-96 106.667-171.52zM597.333 137.813v87.893c123.307 36.693 213.333 151.040 213.333 286.293s-90.027 249.6-213.333 286.293v87.893c171.093-38.827 298.667-191.573 298.667-374.187s-127.573-335.36-298.667-374.187z"
				],
				"attrs": [],
				"isMulticolor": false,
				"tags": [
					"volume-up"
				],
				"grid": 24
			},
			"attrs": [],
			"properties": {
				"id": 212,
				"order": 7,
				"prevSize": 24,
				"code": 58892,
				"name": "volume-up"
			},
			"setIdx": 0,
			"setId": 2,
			"iconIdx": 212
		},
		{
			"icon": {
				"paths": [
					"M128 213.333h-85.333v682.667c0 47.147 38.187 85.333 85.333 85.333h682.667v-85.333h-682.667v-682.667zM896 42.667h-597.333c-47.147 0-85.333 38.187-85.333 85.333v597.333c0 47.147 38.187 85.333 85.333 85.333h597.333c47.147 0 85.333-38.187 85.333-85.333v-597.333c0-47.147-38.187-85.333-85.333-85.333zM896 725.333h-597.333v-597.333h597.333v597.333z"
				],
				"attrs": [],
				"isMulticolor": false,
				"tags": [
					"filter-none"
				],
				"grid": 24
			},
			"attrs": [],
			"properties": {
				"id": 544,
				"order": 22,
				"prevSize": 24,
				"code": 58900,
				"name": "filter-none"
			},
			"setIdx": 0,
			"setId": 2,
			"iconIdx": 544
		},
		{
			"icon": {
				"paths": [
					"M810.667 273.707l-60.373-60.373-238.293 238.293-238.293-238.293-60.373 60.373 238.293 238.293-238.293 238.293 60.373 60.373 238.293-238.293 238.293 238.293 60.373-60.373-238.293-238.293z"
				],
				"attrs": [],
				"isMulticolor": false,
				"tags": [
					"close"
				],
				"grid": 24
			},
			"attrs": [],
			"properties": {
				"id": 681,
				"order": 11,
				"prevSize": 24,
				"code": 58896,
				"name": "close"
			},
			"setIdx": 0,
			"setId": 2,
			"iconIdx": 681
		},
		{
			"icon": {
				"paths": [
					"M768 686.293c-32.427 0-61.653 12.587-83.84 32.853l-304-177.28c2.347-9.6 3.84-19.627 3.84-29.867s-1.493-20.267-3.84-29.867l300.8-175.573c22.827 21.333 53.333 34.56 87.040 34.56 70.613 0 128-57.387 128-128s-57.387-128-128-128-128 57.387-128 128c0 10.24 1.493 20.267 3.84 29.867l-300.8 175.573c-22.827-21.333-53.333-34.56-87.040-34.56-70.613 0-128 57.387-128 128s57.387 128 128 128c33.707 0 64.213-13.227 87.040-34.56l304 177.28c-2.133 8.96-3.413 18.347-3.413 27.947 0 68.693 55.68 124.373 124.373 124.373s124.373-55.68 124.373-124.373-55.68-124.373-124.373-124.373z"
				],
				"attrs": [],
				"isMulticolor": false,
				"tags": [
					"share"
				],
				"grid": 24
			},
			"attrs": [],
			"properties": {
				"id": 748,
				"order": 19,
				"prevSize": 24,
				"code": 58901,
				"name": "share"
			},
			"setIdx": 0,
			"setId": 2,
			"iconIdx": 748
		}
	],
	"height": 1024,
	"metadata": {
		"name": "uno"
	},
	"preferences": {
		"showGlyphs": true,
		"showQuickUse": true,
		"showQuickUse2": true,
		"showSVGs": true,
		"fontPref": {
			"prefix": "icon-jpjb-",
			"metadata": {
				"fontFamily": "uno",
				"majorVersion": 1,
				"minorVersion": 0
			},
			"metrics": {
				"emSize": 1024,
				"baseline": 6.25,
				"whitespace": 50
			},
			"showSelector": true,
			"selector": "",
			"classSelector": ".icon",
			"showMetrics": false,
			"showMetadata": true,
			"showVersion": false,
			"embed": true
		},
		"imagePref": {
			"prefix": "icon-",
			"png": true,
			"useClassSelector": true,
			"color": 4473924,
			"bgColor": 16777215
		},
		"historySize": 100,
		"showCodes": true,
		"gridSize": 16
	}
}